id,person_id,timestamp
1,T002,2025-10-20T18:30:21
2,T002,2025-10-20T18:30:21
3,T001,2025-10-20T18:30:22
4,T002,2025-10-20T18:30:22
5,T002,2025-10-20T18:30:22
6,T001,2025-10-20T18:30:23
7,T002,2025-10-20T18:30:23
8,T002,2025-10-20T18:30:23
9,p002,2025-10-20T18:30:24
10,p002,2025-10-20T18:30:24
11,T001,2025-10-20T18:30:24
12,T002,2025-10-20T18:30:25
13,T002,2025-10-20T18:30:25
14,T002,2025-10-20T18:30:26
15,T002,2025-10-20T18:30:26
16,p002,2025-10-20T18:30:26
17,T001,2025-10-20T18:30:27
18,T002,2025-10-20T18:30:27
19,T002,2025-10-20T18:30:27
20,p003,2025-10-20T18:30:28
21,p002,2025-10-20T18:30:28
22,T002,2025-10-20T18:30:28
23,p003,2025-10-20T18:30:29
24,p002,2025-10-20T18:30:29
25,T002,2025-10-20T18:30:30
26,p003,2025-10-20T18:30:30
27,p002,2025-10-20T18:30:30
28,T001,2025-10-20T18:30:31
29,p003,2025-10-20T18:30:31
30,p002,2025-10-20T18:30:31
31,p001,2025-10-20T18:30:32
32,p003,2025-10-20T18:30:32
33,p002,2025-10-20T18:30:32
34,p003,2025-10-20T18:30:33
35,p003,2025-10-20T18:30:33
36,p003,2025-10-20T18:30:33
37,p003,2025-10-20T18:30:34
38,p002,2025-10-20T18:30:34
39,p003,2025-10-20T18:30:34
40,p002,2025-10-20T18:30:35
41,p003,2025-10-20T18:30:35
42,p002,2025-10-20T18:30:35
43,p003,2025-10-20T18:30:35
44,p003,2025-10-20T18:30:36
45,p002,2025-10-20T18:30:36
46,p003,2025-10-20T18:30:37
47,p003,2025-10-20T18:30:37
48,p002,2025-10-20T18:30:38
49,p003,2025-10-20T18:30:38
50,p003,2025-10-20T18:30:39
51,p003,2025-10-20T18:30:39
52,p003,2025-10-20T18:30:40
53,p003,2025-10-20T18:30:40
54,p003,2025-10-20T18:30:40
55,p003,2025-10-20T18:30:41
56,p003,2025-10-20T18:30:42
57,p003,2025-10-20T18:30:42
58,p003,2025-10-20T18:30:42
59,p003,2025-10-20T18:30:43
60,p003,2025-10-20T18:30:43
61,p003,2025-10-20T18:30:43
62,p003,2025-10-20T18:30:44
63,p003,2025-10-20T18:30:44
64,p003,2025-10-20T18:30:44
65,p003,2025-10-20T18:30:45
66,p003,2025-10-20T18:30:45
67,p003,2025-10-20T18:30:46
68,p003,2025-10-20T18:30:46
69,p003,2025-10-20T18:30:46
70,p003,2025-10-20T18:30:47
71,p003,2025-10-20T18:30:47
72,p003,2025-10-20T18:30:48
73,p003,2025-10-20T18:30:48
74,p003,2025-10-20T18:30:48
75,p003,2025-10-20T18:30:49
76,p003,2025-10-20T18:30:49
77,p003,2025-10-20T18:30:49
78,p003,2025-10-20T18:30:50
79,p003,2025-10-20T18:30:50
80,p003,2025-10-20T18:30:51
81,p003,2025-10-20T18:30:51
82,p003,2025-10-20T18:30:51
83,p003,2025-10-20T18:30:52
84,p003,2025-10-20T18:30:53
85,p003,2025-10-20T18:30:53
86,p003,2025-10-20T18:30:54
87,p003,2025-10-20T18:30:54
88,p003,2025-10-20T18:30:54
89,p003,2025-10-20T18:30:55
90,p001,2025-10-20T18:30:55
91,p003,2025-10-20T18:30:56
92,p003,2025-10-20T18:30:56
93,p003,2025-10-20T18:30:56
94,p001,2025-10-20T18:30:57
95,T002,2025-10-20T18:34:41
96,T002,2025-10-20T18:34:42
97,T001,2025-10-20T18:34:42
98,T002,2025-10-20T18:34:43
99,T002,2025-10-20T18:34:44
100,T001,2025-10-20T18:34:45
101,T002,2025-10-20T18:34:47
102,T002,2025-10-20T18:34:48
103,p002,2025-10-20T18:34:50
104,p002,2025-10-20T18:34:50
105,T001,2025-10-20T18:34:51
106,T002,2025-10-20T18:34:53
107,T002,2025-10-20T18:34:54
108,T002,2025-10-20T18:34:56
109,T002,2025-10-20T18:34:57
110,p002,2025-10-20T18:34:58
111,T001,2025-10-20T18:34:58
112,T002,2025-10-20T18:34:59
113,T002,2025-10-20T18:35:00
114,p003,2025-10-20T18:35:00
115,p002,2025-10-20T18:35:01
116,T002,2025-10-20T18:35:01
117,p003,2025-10-20T18:35:01
118,p002,2025-10-20T18:35:02
119,T002,2025-10-20T18:35:02
120,p003,2025-10-20T18:35:02
121,p002,2025-10-20T18:35:03
122,T001,2025-10-20T18:35:03
123,p003,2025-10-20T18:35:04
124,p002,2025-10-20T18:35:04
125,p001,2025-10-20T18:35:04
126,p003,2025-10-20T18:35:05
127,p002,2025-10-20T18:35:05
128,p003,2025-10-20T18:35:05
129,p003,2025-10-20T18:35:05
130,p003,2025-10-20T18:35:06
131,p003,2025-10-20T18:35:06
132,p002,2025-10-20T18:35:06
133,p003,2025-10-20T18:35:07
134,p002,2025-10-20T18:35:07
135,p003,2025-10-20T18:35:07
136,p002,2025-10-20T18:35:08
137,p003,2025-10-20T18:35:08
138,p003,2025-10-20T18:35:08
139,p002,2025-10-20T18:35:09
140,p003,2025-10-20T18:35:09
141,p003,2025-10-20T18:35:10
142,p002,2025-10-20T18:35:10
143,p003,2025-10-20T18:35:11
144,p003,2025-10-20T18:35:11
145,p003,2025-10-20T18:35:12
146,p003,2025-10-20T18:35:12
147,p003,2025-10-20T18:35:12
148,p003,2025-10-20T18:35:13
149,p003,2025-10-20T18:35:13
150,p003,2025-10-20T18:35:14
151,p003,2025-10-20T18:35:14
152,p003,2025-10-20T18:35:14
153,p003,2025-10-20T18:35:15
154,p003,2025-10-20T18:35:15
155,p003,2025-10-20T18:35:15
156,p003,2025-10-20T18:35:16
157,p003,2025-10-20T18:35:16
158,p003,2025-10-20T18:35:16
159,p003,2025-10-20T18:35:17
160,p003,2025-10-20T18:35:17
161,p003,2025-10-20T18:35:18
162,p003,2025-10-20T18:35:18
163,p003,2025-10-20T18:35:19
164,p003,2025-10-20T18:35:19
165,p003,2025-10-20T18:35:19
166,p003,2025-10-20T18:35:20
167,p003,2025-10-20T18:35:20
168,p003,2025-10-20T18:35:21
169,p003,2025-10-20T18:35:21
170,p003,2025-10-20T18:35:21
171,p003,2025-10-20T18:35:22
172,p003,2025-10-20T18:35:22
173,p003,2025-10-20T18:35:22
174,p003,2025-10-20T18:35:23
175,p003,2025-10-20T18:35:23
176,p003,2025-10-20T18:35:24
177,p003,2025-10-20T18:35:24
178,p003,2025-10-20T18:35:25
179,p003,2025-10-20T18:35:26
180,p003,2025-10-20T18:35:26
181,p003,2025-10-20T18:35:26
182,p003,2025-10-20T18:35:27
183,p003,2025-10-20T18:35:27
184,p001,2025-10-20T18:35:28
185,p003,2025-10-20T18:35:28
186,p003,2025-10-20T18:35:28
187,p003,2025-10-20T18:35:29
188,p001,2025-10-20T18:35:29
189,T002,2025-10-20T18:37:30
190,T002,2025-10-20T18:37:31
191,T001,2025-10-20T18:37:31
192,T002,2025-10-20T18:37:31
193,T002,2025-10-20T18:37:32
194,T001,2025-10-20T18:37:32
195,T002,2025-10-20T18:37:32
196,T002,2025-10-20T18:37:33
197,p002,2025-10-20T18:37:33
198,p002,2025-10-20T18:37:33
199,T001,2025-10-20T18:37:34
200,T002,2025-10-20T18:37:34
201,T002,2025-10-20T18:37:34
202,T002,2025-10-20T18:37:35
203,T002,2025-10-20T18:37:35
204,p002,2025-10-20T18:37:36
205,T001,2025-10-20T18:37:36
206,T002,2025-10-20T18:37:36
207,T002,2025-10-20T18:37:37
208,p003,2025-10-20T18:37:37
209,p002,2025-10-20T18:37:37
210,T002,2025-10-20T18:37:38
211,p003,2025-10-20T18:37:38
212,p002,2025-10-20T18:37:38
213,T002,2025-10-20T18:37:39
214,p003,2025-10-20T18:37:39
215,p002,2025-10-20T18:37:39
216,T001,2025-10-20T18:37:40
217,p003,2025-10-20T18:37:40
218,p002,2025-10-20T18:37:40
219,p001,2025-10-20T18:37:41
220,p003,2025-10-20T18:37:41
221,p002,2025-10-20T18:37:41
222,p003,2025-10-20T18:37:41
223,p003,2025-10-20T18:37:42
224,p003,2025-10-20T18:37:42
225,p003,2025-10-20T18:37:42
226,p002,2025-10-20T18:37:43
227,p003,2025-10-20T18:37:43
228,p002,2025-10-20T18:37:43
229,p003,2025-10-20T18:37:44
230,p002,2025-10-20T18:37:44
231,p003,2025-10-20T18:37:44
232,p003,2025-10-20T18:37:44
233,p002,2025-10-20T18:37:45
234,p003,2025-10-20T18:37:45
235,p003,2025-10-20T18:37:46
236,p002,2025-10-20T18:37:47
237,p003,2025-10-20T18:37:47
238,p003,2025-10-20T18:37:47
239,p003,2025-10-20T18:37:48
240,p003,2025-10-20T18:37:48
241,p003,2025-10-20T18:37:49
242,p003,2025-10-20T18:37:49
243,p003,2025-10-20T18:37:50
244,p003,2025-10-20T18:37:50
245,p003,2025-10-20T18:37:51
246,p003,2025-10-20T18:37:51
247,p003,2025-10-20T18:37:51
248,p003,2025-10-20T18:37:52
249,p003,2025-10-20T18:37:52
250,p003,2025-10-20T18:37:52
251,p003,2025-10-20T18:37:53
252,p003,2025-10-20T18:37:53
253,p003,2025-10-20T18:37:53
254,p003,2025-10-20T18:37:54
255,p003,2025-10-20T18:37:54
256,p003,2025-10-20T18:37:54
257,p003,2025-10-20T18:37:55
258,p003,2025-10-20T18:37:55
259,p003,2025-10-20T18:37:56
260,p003,2025-10-20T18:37:56
261,p003,2025-10-20T18:37:56
262,p003,2025-10-20T18:37:57
263,p003,2025-10-20T18:37:57
264,p003,2025-10-20T18:37:58
265,p003,2025-10-20T18:37:58
266,p003,2025-10-20T18:37:58
267,p003,2025-10-20T18:37:59
268,p003,2025-10-20T18:37:59
269,p003,2025-10-20T18:38:00
270,p003,2025-10-20T18:38:00
271,p003,2025-10-20T18:38:00
272,p003,2025-10-20T18:38:02
273,p003,2025-10-20T18:38:02
274,p003,2025-10-20T18:38:02
275,p003,2025-10-20T18:38:03
276,p003,2025-10-20T18:38:03
277,p003,2025-10-20T18:38:04
278,p001,2025-10-20T18:38:04
279,p003,2025-10-20T18:38:04
280,p003,2025-10-20T18:38:05
281,p003,2025-10-20T18:38:05
282,p001,2025-10-20T18:38:05
